{
  "properties": {
    "connectionReferences": {
      "shared_office365groups": {
        "runtimeSource": "invoker",
        "connection": {
          "connectionReferenceLogicalName": "tm_sharedoffice365groups_fb06b"
        },
        "api": {
          "name": "shared_office365groups"
        }
      }
    },
    "definition": {
      "$schema": "https://schema.management.azure.com/providers/Microsoft.Logic/schemas/2016-06-01/workflowdefinition.json#",
      "contentVersion": "1.0.0.0",
      "parameters": {
        "$connections": {
          "defaultValue": {},
          "type": "Object"
        },
        "$authentication": {
          "defaultValue": {},
          "type": "SecureObject"
        }
      },
      "triggers": {
        "manual": {
          "metadata": {
            "operationMetadataId": "8ec47228-e5cd-4bae-9285-fd059371f125"
          },
          "type": "Request",
          "kind": "Button",
          "inputs": {
            "schema": {
              "type": "object",
              "properties": {},
              "required": []
            }
          }
        }
      },
      "actions": {
        "Send_an_HTTP_request_to_get_Calendar_ID": {
          "runAfter": {
            "an_example_group_ID": [
              "Succeeded"
            ]
          },
          "metadata": {
            "operationMetadataId": "4036f1a6-71ad-440f-97d2-e2ef4d3d80fc"
          },
          "type": "OpenApiConnection",
          "inputs": {
            "host": {
              "connectionName": "shared_office365groups",
              "operationId": "HttpRequest",
              "apiId": "/providers/Microsoft.PowerApps/apis/shared_office365groups"
            },
            "parameters": {
              "Uri": "https://graph.microsoft.com/v1.0/groups/@{outputs('an_example_group_ID')}/calendar",
              "Method": "GET",
              "ContentType": "application/json"
            },
            "authentication": {
              "type": "Raw",
              "value": "@json(decodeBase64(triggerOutputs().headers['X-MS-APIM-Tokens']))['$ConnectionKey']"
            }
          }
        },
        "an_example_group_ID": {
          "runAfter": {},
          "metadata": {
            "operationMetadataId": "a972743f-4bea-4ffa-af02-b527cf50c65c"
          },
          "type": "Compose",
          "inputs": "ccc6f2d9-89db-4d1e-b5b7-b6251df1ccb9"
        },
        "Group_Calendar_ID": {
          "runAfter": {
            "Send_an_HTTP_request_to_get_Calendar_ID": [
              "Succeeded"
            ]
          },
          "metadata": {
            "operationMetadataId": "f2b167b0-d41a-4c8b-b458-5337a5358d2c"
          },
          "type": "Compose",
          "inputs": "@body('Send_an_HTTP_request_to_get_Calendar_ID')?['id']"
        },
        "Send_an_HTTP_request_to_create_event": {
          "runAfter": {
            "Group_Calendar_ID": [
              "Succeeded"
            ]
          },
          "metadata": {
            "operationMetadataId": "c7a5ad7c-b1b5-437a-9ed5-37fb3d04b024"
          },
          "type": "OpenApiConnection",
          "inputs": {
            "host": {
              "connectionName": "shared_office365groups",
              "operationId": "HttpRequest",
              "apiId": "/providers/Microsoft.PowerApps/apis/shared_office365groups"
            },
            "parameters": {
              "Uri": "https://graph.microsoft.com/v1.0/groups/@{outputs('an_example_group_ID')}/calendar/events",
              "Method": "POST",
              "Body": "\n{\n  \"subject\": \"A group meeting\",\n  \"body\": {\n    \"contentType\": \"HTML\",\n    \"content\": \"With biscuits\"\n  },\n  \"start\": {\n      \"dateTime\": \"2022-04-15T12:00:00\",\n      \"timeZone\": \"Pacific Standard Time\"\n  },\n  \"end\": {\n      \"dateTime\": \"2022-04-15T14:00:00\",\n      \"timeZone\": \"Pacific Standard Time\"\n  },\n  \"location\":{\n      \"displayName\":\"Big meeting room\"\n  },\n  \"attendees\": [\n    {\n      \"emailAddress\": {\n        \"address\":\"yertle@turtle.com\",\n        \"name\": \"Yertle Turtle\"\n      },\n      \"type\": \"required\"\n    }\n  ]\n}",
              "ContentType": "application/json"
            },
            "authentication": {
              "type": "Raw",
              "value": "@json(decodeBase64(triggerOutputs().headers['X-MS-APIM-Tokens']))['$ConnectionKey']"
            }
          }
        },
        "Send_an_HTTP_request_to_update_event": {
          "runAfter": {
            "event_ID": [
              "Succeeded"
            ]
          },
          "metadata": {
            "operationMetadataId": "8e01fa24-ba48-46ca-bd56-50534af252b2"
          },
          "type": "OpenApiConnection",
          "inputs": {
            "host": {
              "connectionName": "shared_office365groups",
              "operationId": "HttpRequest",
              "apiId": "/providers/Microsoft.PowerApps/apis/shared_office365groups"
            },
            "parameters": {
              "Uri": "https://graph.microsoft.com/v1.0/groups/@{outputs('an_example_group_ID')}/calendar/events/@{outputs('event_ID')}",
              "Method": "PATCH",
              "Body": "\n{\n  \"subject\": \"A updated group meeting\",\n  \"body\": {\n    \"contentType\": \"HTML\",\n    \"content\": \"With biscuits\"\n  },\n  \"start\": {\n      \"dateTime\": \"2022-04-15T12:00:00\",\n      \"timeZone\": \"Pacific Standard Time\"\n  },\n  \"end\": {\n      \"dateTime\": \"2022-04-15T14:00:00\",\n      \"timeZone\": \"Pacific Standard Time\"\n  },\n  \"location\":{\n      \"displayName\":\"Big meeting room\"\n  },\n  \"attendees\": [\n    {\n      \"emailAddress\": {\n        \"address\":\"yertle@turtle.com\",\n        \"name\": \"Yertle Turtle\"\n      },\n      \"type\": \"required\"\n    }\n  ]\n}",
              "ContentType": "application/json"
            },
            "authentication": {
              "type": "Raw",
              "value": "@json(decodeBase64(triggerOutputs().headers['X-MS-APIM-Tokens']))['$ConnectionKey']"
            }
          }
        },
        "event_ID": {
          "runAfter": {
            "Send_an_HTTP_request_to_create_event": [
              "Succeeded"
            ]
          },
          "metadata": {
            "operationMetadataId": "d9f67276-2761-4264-a842-00718c91a18e"
          },
          "type": "Compose",
          "inputs": "@body('Send_an_HTTP_request_to_create_event')?['id']"
        }
      }
    }
  },
  "schemaVersion": "1.0.0.0"
}